{
  "trained": true,
  "version": 1,
  "created_at": 1775408390,
  "featureLength": 42,
  "labels": [
    "Palm",
    "Index",
    "TwoFinger"
  ],
  "profiles": {
    "Palm": {
      "centroid": [
        0.0,
        0.0,
        0.0035677223931998014,
        -0.05457986518740654,
        0.009335147216916084,
        -0.18225976824760437,
        0.017348775640130043,
        -0.2943527102470398,
        0.018898164853453636,
        -0.3619934022426605,
        0.003792206523939967,
        -0.4785042703151703,
        0.0038229268975555897,
        -0.6615248918533325,
        0.0036771129816770554,
        -0.7720116376876831,
        0.005330565385520458,
        -0.8706027269363403,
        0.004750204272568226,
        -0.5165335536003113,
        0.005229635164141655,
        -0.7364403605461121,
        0.006055748555809259,
        -0.8708003759384155,
        0.006279339548200369,
        -0.9835304021835327,
        0.0043501113541424274,
        -0.5032804608345032,
        0.005722489207983017,
        -0.7097238302230835,
        0.0066084424033761024,
        -0.836155116558075,
        0.006807693745940924,
        -0.9460946321487427,
        0.0008765592938289046,
        -0.4491764008998871,
        -0.0027432397473603487,
        -0.5986124873161316,
        -0.002602113876491785,
        -0.6953487396240234,
        -0.0011645257472991943,
        -0.7862516641616821
      ],
      "threshold": 1.0666604042053223,
      "sample_count": 160
    },
    "Index": {
      "centroid": [
        0.0,
        0.0,
        -0.010037418454885483,
        -0.07746095210313797,
        -0.021115902811288834,
        -0.213917538523674,
        -0.02330942451953888,
        -0.3356453478336334,
        -0.010469386354088783,
        -0.419769823551178,
        -0.015724146738648415,
        -0.5154303908348083,
        -0.026027167215943336,
        -0.7247418761253357,
        -0.03383193537592888,
        -0.8601754307746887,
        -0.03800490126013756,
        -0.9747735261917114,
        -0.011243673041462898,
        -0.5108331441879272,
        -0.00795069895684719,
        -0.5769039392471313,
        -0.013386225327849388,
        -0.4152522683143616,
        -0.014734419994056225,
        -0.28963929414749146,
        -0.007468280382454395,
        -0.4651956558227539,
        -0.004124834202229977,
        -0.48614534735679626,
        -0.00859872903674841,
        -0.3331424593925476,
        -0.008302497677505016,
        -0.2268296480178833,
        -0.004596295766532421,
        -0.38997843861579895,
        -0.004319697618484497,
        -0.4034932255744934,
        -0.009194294922053814,
        -0.3002200126647949,
        -0.009677115827798843,
        -0.2242947518825531
      ],
      "threshold": 1.2478734254837036,
      "sample_count": 160
    },
    "TwoFinger": {
      "centroid": [
        0.0,
        0.0,
        -0.015065163373947144,
        -0.07706297934055328,
        -0.026720181107521057,
        -0.20149493217468262,
        -0.046110283583402634,
        -0.3018511235713959,
        -0.0652560368180275,
        -0.37972491979599,
        -0.012773245573043823,
        -0.476935476064682,
        -0.019316377118229866,
        -0.6686835885047913,
        -0.02300603687763214,
        -0.7876898646354675,
        -0.02312125265598297,
        -0.8920914530754089,
        -0.008174235001206398,
        -0.4873226284980774,
        -0.01299985684454441,
        -0.7146091461181641,
        -0.013913894072175026,
        -0.8649650812149048,
        -0.012976584024727345,
        -0.9871019124984741,
        -0.006524846889078617,
        -0.4424054026603699,
        -0.027845600619912148,
        -0.5020619034767151,
        -0.04668094962835312,
        -0.38293135166168213,
        -0.05981525033712387,
        -0.28731799125671387,
        -0.0116264084354043,
        -0.3623308837413788,
        -0.03420991450548172,
        -0.3951682448387146,
        -0.05092683434486389,
        -0.3173364996910095,
        -0.06640248000621796,
        -0.2465943545103073
      ],
      "threshold": 1.1222671270370483,
      "sample_count": 160
    }
  }
}